{
    "1":{
        "name": "Mario",
        "relative_position": [0.25, 0.1]
    },
    "2":{
        "name": "Ground",
        "relative_width": 2
    },
    "3":{
        "name": "Pipe",
        "relative_position": [0, 0.1]
    },
    "4":{
        "name": "Pipe",
        "relative_position": [1.8, 0.1]
    },
    "5": {
        "name": "Goomba",
        "relative_position": [0.12, 0.1]
    },
    "6": {
        "name": "Goomba",
        "relative_position": [0.7, 0.1]
    },
    "14": {
        "name": "Goomba",
        "relative_position": [1.8, 0.25],
        "relative_velocity": [-0.1, 0]
    },
    "7": {
        "name": "FlyGoomba",
        "relative_position": [0.4, 0.3]
    },
    "8": {
        "name": "Koopa",
        "relative_position": [0.5, 0.1]
    },
    "9": {
        "name": "QuestionBlock",
        "relative_position": [0.5, 0.24],
        "content": "Mushroom"
    },
    "10": {
        "name": "QuestionBlock",
        "relative_position": [0.65, 0.24],
        "content": "Mushroom"
    },
    "11": {
        "name": "QuestionBlock",
        "relative_position": [0.35, 0.24],
        "content": "PowerStar"
    },
    "12": {
        "name": "QuestionBlock",
        "relative_position": [1, 0.24],
        "content": "Coin"
    },
    "13": {
        "name": "Pipe",
        "relative_position": [0.8, 0.1],
        "has_piranha": true
    },
    "15": {
        "name": "OrangeBrick",
        "relative_position": [0.25, 0.3]
    }
}